iso3,country_faostat,fao_item_name,harvested_area_ha,production_tonnes,yield_value,crop_importance_score_production,crop_importance_score_area,tomato_importance_score,crop_importance_score_production_log,crop_importance_score_area_log,tomato_importance_score_log
AGO,Angola,Tomatoes,38542.6,670057.8,17397.9,0.01088167329464917,0.03512984130658881,0.02300575730061899,0.747952410411524,0.7592302840709435,0.7535913472412338
ALB,Albania,Tomatoes,6620.0,312017.978,47153.020000000004,0.005067141519213763,0.006033831382667956,0.00555048645094086,0.7053392183548187,0.6325754667041691,0.6689573425294939
ARE,United Arab Emirates,Tomatoes,912.2,77269.254,85193.5,0.0012548451458206493,0.0008314291521555453,0.0010431371489880972,0.6275196970780355,0.49013839575947105,0.5588290464187533
ARG,Argentina,Tomatoes,18934.2,1358764.696,71723.56,0.022066206088751292,0.017257669209321997,0.019661937649036645,0.7873689257708786,0.7081261739105332,0.7477475498407059
ARM,Armenia,Tomatoes,4270.4,184367.82,43265.1,0.002994115408083728,0.0038922769692666523,0.00344319618867519,0.6760053740013783,0.6010613960862494,0.6385333850438139
ATG,Antigua and Barbuda,Tomatoes,14.0,72.664,5642.52,1.180056270193985e-06,1.2760368482983592e-05,6.9702123765887885e-06,0.23971696412762128,0.19470854623825834,0.2172127551829398
AUS,Australia,Tomatoes,4957.8,394038.08999999997,79524.26000000001,0.006399140135414535,0.004518811061781147,0.005458975598597841,0.7183515275863747,0.6117904529896573,0.665070990288016
AUT,Austria,Tomatoes,200.0,58094.0,290470.0,0.0009434408917847816,0.00018229097832833703,0.0005628659350565593,0.6116168907061548,0.3813071074111264,0.4964619990586406
AZE,Azerbaijan,Tomatoes,18845.8,825045.412,44058.659999999996,0.013398656991431517,0.017177096596900872,0.015287876794166193,0.759553467263888,0.707789719355142,0.733671593309515
BEL,Belgium,Tomatoes,622.0,293306.0,472009.4,0.004763260822216187,0.0005669249426011282,0.0026650928824086574,0.7018911318625037,0.4626432692664342,0.5822672005644689
BEN,Benin,Tomatoes,39405.8,272327.836,6910.44,0.00442257748568974,0.03591660916905392,0.02016959332737183,0.6977536206996757,0.7608227462825985,0.7292881834911371
BFA,Burkina Faso,Tomatoes,17676.0,302366.626,17104.9,0.00491040450441346,0.01611087666465843,0.010510640584535944,0.703587390124391,0.7031824613981985,0.7033849257612947
BGD,Bangladesh,Tomatoes,29974.4,453260.0,15111.3,0.007360898175549456,0.02732031350402453,0.017340605839786992,0.726158151414856,0.7411537121695279,0.7336559317921919
BGR,Bulgaria,Tomatoes,3198.0,120492.0,37742.840000000004,0.0019567783236294953,0.0029148327434701093,0.0024358055335498025,0.6522904196789613,0.5802748910651158,0.6162826553720385
BHR,Bahrain,Tomatoes,85.8,8650.0,101269.54000000001,0.0001404751560219362,7.820282970285658e-05,0.00010933899286239639,0.5054378933036554,0.3209328822376979,0.41318538777067665
BHS,Bahamas,Tomatoes,139.4,7583.754000000001,54403.68000000001,0.0001231594250152581,0.00012705681189485092,0.00012510811845505452,0.4981042487772265,0.3555087452432009,0.42680649701021367
BIH,Bosnia and Herzegovina,Tomatoes,3050.8,51460.4,18175.079999999998,0.0008357118750232654,0.0027806665834204532,0.0018081892292218594,0.6048568004644957,0.5768879253164928,0.5908723628904943
BLR,Belarus,Tomatoes,6869.0,321138.052,46706.219999999994,0.005215250631130712,0.006260783650686736,0.005738017140908724,0.7069455146473218,0.6352298450477523,0.671087679847537
BLZ,Belize,Tomatoes,60.4,1341.0,22480.72,2.177770915900768e-05,5.505187545515779e-05,3.841479230708274e-05,0.40153873902310544,0.2960413669375355,0.3487900529803205
BOL,Bolivia (Plurinational State of),Tomatoes,5137.2,81150.204,15808.420000000002,0.0013178713951574508,0.004682326069341665,0.003000098732249558,0.6302519463455788,0.6143457070577399,0.6222988267016594
BRA,Brazil,Tomatoes,55568.2,3965727.4,71351.28,0.06440302604109449,0.05064790770972349,0.05752546687540899,0.8470882112976056,0.7855340742554174,0.8163111427765115
BRB,Barbados,Tomatoes,40.0,738.87,18411.920000000002,1.1999176708662195e-05,3.645819566566741e-05,2.42286861871648e-05,0.368340219628635,0.2670054706388767,0.3176728451337558
BRN,Brunei Darussalam,Tomatoes,12.0,141.13400000000001,11711.060000000001,2.292002389595369e-06,1.0937458699700223e-05,6.614730544647796e-06,0.2763619011854729,0.18441960948981723,0.23039075533764505
BTN,Bhutan,Tomatoes,74.4,248.51399999999998,3368.28,4.035843112559011e-06,6.781224393814138e-05,3.59240435253502e-05,0.30773741401305343,0.31080942289900987,0.3092734184560316
BWA,Botswana,Tomatoes,144.4,4702.219999999999,32221.54,7.636359400571892e-05,0.00013161408635305934,0.00010398884017938912,0.4714596081611446,0.35802474382709754,0.4147421759941211
CAN,Canada,Tomatoes,6170.4,526176.8,85265.18000000001,0.008545059893077817,0.005624041263385854,0.007084550578231836,0.7344750988300881,0.6275194152532834,0.6809972570416858
CHE,Switzerland,Tomatoes,178.6,36543.8,204973.02,0.0005934677464317263,0.00016278584364720497,0.00037812679503946564,0.5857724434061744,0.3732131374706048,0.4794927904383896
CHL,Chile,Tomatoes,11961.6,818021.918,68365.7,0.013284596134151847,0.010902458831861183,0.012093527483006515,0.7590768065626174,0.6751070417554872,0.7170919241590523
CHN,China,Tomatoes,1097147.0,61576724.63199999,56126.7,1.0,1.0,1.0,1.0,1.0,1.0
CHN,"China, mainland",Tomatoes,1093288.4,61484985.034,56240.880000000005,0.9985101578794869,0.9964830601551113,0.9974966090172992,0.9999168727645499,0.9997466868928412,0.9998317798286955
CIV,Côte d'Ivoire,Tomatoes,4908.4,51171.96,10422.68,0.0008310276375662749,0.0044737851901340475,0.002652406413850161,0.6045434190565248,0.6110705881980205,0.6078070036272727
CMR,Cameroon,Tomatoes,64224.0,1198229.508,18643.72,0.01945913029900437,0.058537278960795594,0.03899820462989998,0.7803588756096858,0.7959425523879426,0.7881507139988142
COD,Democratic Republic of the Congo,Tomatoes,6722.8,50942.748,7578.660000000001,0.0008273052570504252,0.006127528945528721,0.003477417101289573,0.6042931249348973,0.6336832324583372,0.6189881786966173
COG,Congo,Tomatoes,824.0,3893.3059999999996,4725.38,6.322690957123008e-05,0.0007510388307127486,0.0004071328701419893,0.4609369689803014,0.4828354127458907,0.471886190863096
COK,Cook Islands,Tomatoes,10.0,280.534,28053.82,4.55584478837663e-06,9.114548916416852e-06,6.83519685239674e-06,0.31446910330587374,0.17240843704010078,0.24343877017298726
COL,Colombia,Tomatoes,17423.2,871160.9820000001,50064.9,0.014147569348748341,0.01588046086805141,0.015014015108399876,0.7625858553861421,0.7021467925491826,0.7323663239676623
COM,Comoros,Tomatoes,1263.2,11277.602,8928.4,0.0001831471561275491,0.0011513498191217768,0.0006672484876246629,0.5202257735188016,0.5135231111863399,0.5168744423525707
CPV,Cabo Verde,Tomatoes,492.4,10836.583999999999,22424.46,0.00017598506683755112,0.0004488003886443658,0.00031239272774095846,0.5180018849021883,0.44587431990953474,0.48193810240586155
CRI,Costa Rica,Tomatoes,1091.2,57130.02,52380.14,0.0009277859506400387,0.000994579577759407,0.0009611827641997228,0.6106839866736069,0.5030080739283037,0.5568460303009553
CUB,Cuba,Tomatoes,32296.4,249144.22000000003,8147.219999999999,0.004046077823868624,0.029436711762416523,0.016741394793142572,0.6927929063842435,0.7465181413663884,0.719655523875316
CYP,Cyprus,Tomatoes,262.0,14068.0,53808.259999999995,0.0002284629473892021,0.00023880118161012152,0.0002336320644996618,0.5325512098327595,0.4006373333032731,0.4665942715680163
CZE,Czechia,Tomatoes,166.0,13864.0,117689.76000000001,0.00022515000729342465,0.00015130151201251974,0.00018822575965297218,0.5317368541427571,0.3679832576465802,0.4498600558946686
DEU,Germany,Tomatoes,384.0,103032.0,268438.32,0.0016732296271967778,0.00034999867839040713,0.0010116141527935925,0.6435624910410441,0.4280376170833129,0.5358000540621786
DJI,Djibouti,Tomatoes,326.6,1483.236,4554.26,2.408760792108122e-05,0.00029768116761017444,0.00016088438776562782,0.40715539141354246,0.4164293790481547,0.4117923852308486
DMA,Dominica,Tomatoes,35.2,426.742,12081.380000000001,6.930248442903248e-06,3.208321218578732e-05,1.9506730314345287e-05,0.3377893408149212,0.2580530017894281,0.29792117130217466
DNK,Denmark,Tomatoes,30.0,10936.0,364533.36,0.00017759957297756003,2.7343646749250555e-05,0.00010247160986340529,0.5185110033244553,0.24690334622081386,0.3827071747726346
DOM,Dominican Republic,Tomatoes,6068.8,256994.958,42372.82,0.0041735730429943284,0.005531437446395059,0.004852505244694693,0.6945226551157938,0.6263258724841366,0.6604242637999652
DZA,Algeria,Tomatoes,25167.2,1679590.336,66844.42,0.027276383179483953,0.02293876754892462,0.025107575364204285,0.7991874041745182,0.7285859145623749,0.7638866593684466
ECU,Ecuador,Tomatoes,1770.2,50460.75199999999,30488.4,0.0008194776890386391,0.0016134574491841111,0.0012164675691113752,0.603763102113399,0.5377690362097308,0.5707660691615649
EGY,Egypt,Tomatoes,161718.6,6777502.452,41887.12,0.11006597854147457,0.14739920903944503,0.12873259379045981,0.8769680844907091,0.862340058326308,0.8696540714085086
ESP,Spain,Tomatoes,52460.0,4252392.0,81009.1,0.0690584311753102,0.04781492361552281,0.058436677395416504,0.8509794432998451,0.781395583829304,0.8161875135645745
EST,Estonia,Tomatoes,6.0,326.0,48000.0,5.294208192271815e-06,5.468729349850111e-06,5.381468771060963e-06,0.322815928915558,0.13991075057568045,0.23136333974561923
ETH,Ethiopia,Tomatoes,12624.2,105313.66,8437.1,0.0017102835629758545,0.011506388843062963,0.006608336203019409,0.6447836973513655,0.6789831439756443,0.6618834206635049
FIN,Finland,Tomatoes,90.0,36940.0,409847.24,0.0005999019957746037,8.203094024775167e-05,0.0003409664680111777,0.586373651236812,0.3243303600654977,0.45535200565115486
FJI,Fiji,Tomatoes,231.6,2325.482,10040.0,3.776560078337621e-05,0.0002110929529042143,0.00012442927684379524,0.4322146154649103,0.391805595591149,0.41201010552802964
FRA,France,Tomatoes,6068.0,697884.0,115031.46,0.011333568067654672,0.005530708282481746,0.008432138175068209,0.750220994775226,0.6263163954481324,0.6882686951116792
GAB,Gabon,Tomatoes,41.0,346.068,8504.74,5.620110554242706e-06,3.7369650557309094e-05,2.14948805557759e-05,0.32613669372365706,0.2687380822551424,0.2974373879893997
GBR,United Kingdom of Great Britain and Northern Ireland,Tomatoes,196.4,70326.016,358242.4,0.0011420876381504255,0.000179009740718427,0.0006605486894344263,0.6222702475425077,0.38000767620959874,0.5011389618760532
GEO,Georgia,Tomatoes,3300.0,55780.0,16885.420000000002,0.0009058617575611099,0.0030078011424175613,0.0019568314499893357,0.6093506798637182,0.5825316271121721,0.5959411534879451
GHA,Ghana,Tomatoes,48318.8,380511.31799999997,7875.039999999999,0.00617946667793787,0.04404040661825626,0.025109936648097065,0.7164039379464419,0.7754833539105433,0.7459436459284926
GIN,Guinea,Tomatoes,50026.8,854518.1140000001,17082.56,0.013877290796268284,0.04559717157318026,0.029737231184724273,0.7615104047816718,0.7779809722092498,0.7697456884954608
GRC,Greece,Tomatoes,11810.0,821918.0,71194.24,0.013347868125692225,0.010764282270288302,0.012056075197990263,0.7593417235543123,0.674190043655592,0.7167658836049522
GRD,Grenada,Tomatoes,96.8,723.0,7464.160000000001,1.1741449457093625e-05,8.822883351091512e-05,4.998514148400437e-05,0.36713129059724703,0.32951183163148245,0.34832156111436474
GTM,Guatemala,Tomatoes,8560.2,441943.272,52335.2,0.00717711561699942,0.007802236163431155,0.007489675890215287,0.7247484382410405,0.6510533068230806,0.6879008725320606
GUY,Guyana,Tomatoes,289.8,26647.324,96244.64,0.00043274994178810227,0.00026413962759776037,0.00034844478469293135,0.568164489355508,0.4078619587358328,0.4880132240456704
HKG,"China, Hong Kong SAR",Tomatoes,3.0,45.042,17595.260000000002,7.314776852647457e-07,2.7343646749250557e-06,1.7329211800949006e-06,0.21351460163905467,0.09967442981747046,0.15659451572826255
HND,Honduras,Tomatoes,985.0,75031.92199999999,76476.0,0.0012185110924365023,0.00089778306826706,0.0010581470803517812,0.6258815152930002,0.49565322183632216,0.5607673685646611
HRV,Croatia,Tomatoes,430.0,28104.0,66567.28,0.0004564062179006352,0.0003919256034059246,0.0004241659106532799,0.5711318090940958,0.4361525820560884,0.503642195575092
HTI,Haiti,Tomatoes,150.2,2302.718,15319.16,3.7395915644453275e-05,0.0001369005247245811,8.714822018451718e-05,0.43166638684839187,0.36083710123779933,0.3962517440430956
HUN,Hungary,Tomatoes,1838.0,164934.0,89620.51999999999,0.002678512067436072,0.0016752540908374174,0.0021768830791367446,0.6697950691926448,0.5404699318029975,0.6051325004978212
IDN,Indonesia,Tomatoes,60064.8,1132943.058,18870.16,0.01839888472098491,0.0547463557754795,0.036572620248232206,0.7772351619615411,0.7911287162066442,0.7841819390840926
IND,India,Tomatoes,841798.6,20834644.6,24752.6,0.33835259547359425,0.7672614517471222,0.5528070236103583,0.9395807800984224,0.9809517468835228,0.9602662634909727
IRL,Ireland,Tomatoes,10.0,3602.0,360200.0,5.8496128553874465e-05,9.114548916416852e-06,3.380533873514566e-05,0.45660213706547126,0.17240843704010078,0.314505287052786
IRN,Iran (Islamic Republic of),Tomatoes,79149.6,3544692.5880000005,44891.06,0.05756546177446253,0.07214129009148273,0.06485337593297263,0.8408304553771936,0.8109667434116623,0.8258985993944279
IRQ,Iraq,Tomatoes,27808.6,625424.0,22519.579999999998,0.010156824737556464,0.025346284499706967,0.017751554618631715,0.7441090316871858,0.7357615242826352,0.7399352779849104
ISL,Iceland,Tomatoes,4.0,1284.0,321000.0,2.0852034720481626e-05,3.6458195665667408e-06,1.2248927143524184e-05,0.39911886740056424,0.11571842946753164,0.25741864843404794
ISR,Israel,Tomatoes,4887.2,328436.0,67194.16,0.005333768594591981,0.004454462346431244,0.004894115470511612,0.7081983627184615,0.6107594343811117,0.6594788985497866
ITA,Italy,Tomatoes,100250.0,6213584.0,61989.119999999995,0.10090799790235912,0.09137335288707894,0.09614067539471903,0.8721246532429966,0.8279584645273533,0.850041558885175
JAM,Jamaica,Tomatoes,1446.8,26900.6,18563.6,0.0004368631193160343,0.0013186929372271902,0.0008777780282716122,0.5686918986682363,0.5232731443714637,0.5459825215198499
JOR,Jordan,Tomatoes,8336.8,610163.782,73342.62,0.009909000286171636,0.0075986171406384004,0.008753808713405017,0.7427317654896461,0.6491522033164502,0.6959419844030481
JPN,Japan,Tomatoes,11100.0,696620.0,62754.48,0.011313040830982796,0.010117149297222705,0.010715095064102752,0.7501199215366877,0.6697325296401049,0.7099262255883962
KAZ,Kazakhstan,Tomatoes,28631.4,763397.3859999999,26703.98,0.01239749906417205,0.026096229584549747,0.019246864324360898,0.7552235996617368,0.7378579571250077,0.7465407783933722
KEN,Kenya,Tomatoes,30375.0,689141.264,22377.879999999997,0.01119158688804096,0.027685442333616188,0.019438514610828572,0.7495181207504299,0.7421082392922543,0.7458131800213421
KGZ,Kyrgyzstan,Tomatoes,11825.2,254911.5,21546.8,0.004139737888356738,0.010778136384641257,0.0074589371364989976,0.6940688136026895,0.6742825147328101,0.6841756641677498
KNA,Saint Kitts and Nevis,Tomatoes,11.4,133.71800000000002,12054.0,2.1715672731724007e-06,1.0390585764715211e-05,6.281076518943806e-06,0.27337421253042743,0.18102213166201744,0.22719817209622245
KOR,Republic of Korea,Tomatoes,5630.2,350035.234,62194.94,0.005684538047320803,0.005131673330921016,0.0054081056891209095,0.7117494535851034,0.6209331574389151,0.6663413055120093
KWT,Kuwait,Tomatoes,565.2,66974.396,122458.1,0.0010876576563670448,0.0005151543047558806,0.0008014059805614627,0.6195477200999965,0.4557696999533345,0.5376587100266654
LBN,Lebanon,Tomatoes,5398.2,222778.4,41388.56,0.0036178994795742552,0.004920215796060145,0.0042690576378172,0.6865565562200431,0.6179082013468942,0.6522323787834686
LBR,Liberia,Tomatoes,269.8,3559.9,13199.12,5.781242866155961e-05,0.0002459105297649267,0.00015186147921324316,0.4559468268227763,0.4027387164495321,0.4293427716361542
LBY,Libya,Tomatoes,10651.2,222882.604,20925.52,0.0036195917423671,0.009708088341853919,0.006663840042110509,0.6865826289910607,0.6667653104718801,0.6766739697314704
LCA,Saint Lucia,Tomatoes,12.2,244.51399999999998,20135.260000000002,3.970883502837885e-06,1.1119749678028558e-05,7.545316590433222e-06,0.30683636367303396,0.18551733925203104,0.2461768514625325
LKA,Sri Lanka,Tomatoes,5953.0,84581.76,14209.460000000001,0.0013735995297814983,0.005425890969942952,0.0033997452498622256,0.6325610903707314,0.6249409082993113,0.6287509993350213
LTU,Lithuania,Tomatoes,618.0,11984.0,18959.68,0.00019461899072449517,0.0005632791230345615,0.00037894905687952833,0.5236127751694815,0.46218014429772436,0.4928964597336029
LUX,Luxembourg,Tomatoes,0.0,104.0,,1.6889498527492907e-06,0.0,8.444749263746453e-07,0.25947890645670163,0.0,0.12973945322835082
LVA,Latvia,Tomatoes,,5704.0,,9.263240346232647e-05,,9.263240346232647e-05,0.4822255434258713,,0.4822255434258713
MAR,Morocco,Tomatoes,15120.2,1445713.48,95478.73999999999,0.023478245857342928,0.01378138025260061,0.01862981305497177,0.7908272023428675,0.691954096105395,0.7413906492241313
MDA,Republic of Moldova,Tomatoes,5565.4,34950.6,6207.26,0.0005675943338798015,0.0050726110539426345,0.002820102693911218,0.583287208763822,0.6201009852391652,0.6016940970014937
MDG,Madagascar,Tomatoes,4917.6,40901.966,8317.16,0.000664243937046697,0.004482170575137151,0.0025732072560919242,0.5920539423037081,0.6112051993699742,0.6016295708368411
MDV,Maldives,Tomatoes,14.2,233.42600000000002,16127.939999999999,3.790815464690922e-06,1.294265946131193e-05,8.366737463001426e-06,0.3042597285000673,0.19566087675415605,0.24996030262711166
MEX,Mexico,Tomatoes,88381.8,4263483.324,48260.6,0.06923855319489285,0.0805560239420971,0.07489728856849498,0.851124675734142,0.8188991011756829,0.8350118884549125
MKD,North Macedonia,Tomatoes,5579.2,138509.2,24857.079999999998,0.002249375893696366,0.00508518913144729,0.003667282512571828,0.6600599282425448,0.6202790160585346,0.6401694721505398
MLI,Mali,Tomatoes,13073.8,238430.38999999998,18239.420000000002,0.003872086270013999,0.011916178962345064,0.007894132616179531,0.6903422570270527,0.6814990579577345,0.6859206574923935
MLT,Malta,Tomatoes,,8624.0,,0.00014005291855874886,,0.00014005291855874886,0.5052700747954554,,0.5052700747954554
MNE,Montenegro,Tomatoes,111.4,3576.4199999999996,33025.0,5.8080711849707855e-05,0.00010153607492888373,7.98083933892958e-05,0.45620488889552613,0.33951593812132624,0.39786041350842616
MNG,Mongolia,Tomatoes,233.6,2143.222,9275.82,3.480571616643308e-05,0.00021291586268749765,0.00012386078942696536,0.42766614271205294,0.3924211807110498,0.4100436617115514
MOZ,Mozambique,Tomatoes,51855.6,1219165.116,23381.9,0.019799122530242998,0.04726404027901457,0.03353158140462878,0.7813246104520742,0.7805624207289499,0.780943515590512
MUS,Mauritius,Tomatoes,597.4,15044.439999999999,25504.760000000002,0.0002443202377182263,0.0005445031522667427,0.0003944116949924845,0.5362923967512897,0.4597466312583727,0.4980195140048312
MWI,Malawi,Tomatoes,28190.6,705687.922,25297.120000000003,0.0114603029995082,0.02569446026831409,0.018577381633911143,0.7508409944767725,0.736742438579997,0.7437917165283847
MYS,Malaysia,Tomatoes,2178.0,204223.694,93895.16,0.003316572864511694,0.0019851487539955903,0.002650860809253642,0.6817080832312515,0.5526673268471508,0.6171877050392012
NAM,Namibia,Tomatoes,1421.2,8846.566,6224.24,0.00014366736868304695,0.001295359692001163,0.0007195135303421049,0.5066905543838582,0.5219904361274689,0.5143404952556636
NER,Niger,Tomatoes,18771.0,511910.412,27387.74,0.008313375143925276,0.01710891977100607,0.012711147457465674,0.7329425438176919,0.7075037921157221,0.720223167966707
NGA,Nigeria,Tomatoes,910056.4,3607373.3439999996,3995.9,0.0585833911361588,0.8294753574498221,0.4440293742929905,0.8418077445564283,0.9865574726521754,0.9141826086043019
NIC,Nicaragua,Tomatoes,1650.0,84830.265,51366.825000000004,0.0013776352267349356,0.0015039005712087807,0.0014407678989718582,0.6327246572839023,0.5327161901538686,0.5827204237188854
NLD,Netherlands (Kingdom of the),Tomatoes,1808.0,822896.0,454888.66,0.01336375075026904,0.0016479104440881669,0.007505830597178603,0.7594080262154527,0.5392873409525798,0.6493476835840162
NOR,Norway,Tomatoes,39.2,14262.0,363652.27999999997,0.00023161348846067675,3.5729031752354065e-05,0.0001336712601065154,0.5333147654213344,0.26558867794359475,0.39945172168246457
NRU,Nauru,Tomatoes,0.0,0.46799999999999997,12061.98,7.600274337371807e-09,0.0,3.800137168685903e-09,0.021404177530357144,0.0,0.010702088765178572
NZL,New Zealand,Tomatoes,435.8,51398.490000000005,118064.38,0.0008347064626638066,0.00039721204177744644,0.0006159592522206266,0.6047896854088771,0.4371136920948984,0.5209516887518878
OMN,Oman,Tomatoes,3196.4,277596.8,86354.78,0.004508144946958406,0.0029133744156434826,0.0037107596813009446,0.698822043485256,0.5802389208797364,0.6395304821824962
PAK,Pakistan,Tomatoes,65728.4,749874.0,11378.539999999999,0.012177880595005014,0.059908471699781335,0.03604317614739318,0.7542270728514281,0.7976073062712976,0.7759171895613628
PAN,Panama,Tomatoes,681.4,22177.8,32553.579999999998,0.00036016530811830015,0.0006210653631646443,0.0004906153356414722,0.5579285680310139,0.4691911558388732,0.5135598619349435
PER,Peru,Tomatoes,5347.0,230072.7,42966.68,0.0037363581998714587,0.0048735493056080905,0.004304953752739774,0.6883528328308488,0.6172231293516143,0.6527879810912316
PHL,Philippines,Tomatoes,15548.2,218742.69,14103.179999999998,0.0035523599429373434,0.01417148294622325,0.008861921444580296,0.6855372891315911,0.6939609271992461,0.6897491081654186
PNG,Papua New Guinea,Tomatoes,134.4,547.42,4071.1400000000003,8.890047388384774e-06,0.0001224995374366425,6.569479241251364e-05,0.35164549902984765,0.3529015015407968,0.3522735002853222
POL,Poland,Tomatoes,7860.0,854300.0,108816.42,0.013873748646189605,0.007164035448303646,0.010518892047246625,0.7614961717776166,0.6449183367158661,0.7032072542467414
PRI,Puerto Rico,Tomatoes,338.4,19674.174,58120.240000000005,0.00031950666615638385,0.00030843633533154626,0.0003139715007439651,0.5512503447991436,0.41897362906769997,0.4851119869334218
PRK,Democratic People's Republic of Korea,Tomatoes,8517.4,66482.052,7805.38,0.0010796620378449103,0.00776322589406889,0.0044214439659569,0.6191363488602706,0.6506929561964467,0.6349146525283587
PRT,Portugal,Tomatoes,17432.0,1665262.0,95488.74,0.027043692400855666,0.015888481671097857,0.02146608703597676,0.798709731300055,0.7021830960479195,0.7504464136739872
PRY,Paraguay,Tomatoes,1491.0,50436.65,34080.44,0.0008190862749102645,0.0013589792434377526,0.0010890327591740086,0.6037364658148636,0.5254353426156942,0.564585904215279
PSE,Palestine,Tomatoes,1461.6666666666667,261614.0,183149.16666666666,0.004248585834395701,0.00133224323328293,0.0027904145338393154,0.69551584224321,0.5240076803118724,0.6097617612775412
PYF,French Polynesia,Tomatoes,48.8,843.266,17296.96,1.3694557562773877e-05,4.447899871211423e-05,2.9086778137444056e-05,0.37569942055691996,0.28098589749489294,0.3283426590259064
QAT,Qatar,Tomatoes,393.8,30662.354,77943.0,0.0004979536372427559,0.0003589309363284956,0.00042844228678562575,0.5759891776497221,0.429844891118334,0.5029170343840281
ROU,Romania,Tomatoes,17648.0,361214.0,20444.16,0.005866080116451752,0.01608535592769246,0.010975718022072107,0.7135021874288179,0.703068483155544,0.708285335292181
RUS,Russian Federation,Tomatoes,77921.4,2869625.836,36869.42,0.04660244358805538,0.0710218411935684,0.058812142390811895,0.82905123244176,0.8098423075069326,0.8194467699743464
RWA,Rwanda,Tomatoes,10787.0,85999.554,8018.960000000001,0.0013966243660077373,0.009831863916138859,0.005614244141073298,0.6334879115789533,0.6676761356857353,0.6505820236323443
SAU,Saudi Arabia,Tomatoes,15228.6,650524.858,42687.08,0.010564460222392819,0.013880181962854567,0.012222321092623693,0.7463029478487534,0.6924676893289011,0.7193853185888273
SDN,Sudan,Tomatoes,47358.2,644707.384,13613.5,0.010469985012242118,0.043164863049345255,0.026817424030793686,0.7458021085143247,0.7740395811416545,0.7599208448279896
SEN,Senegal,Tomatoes,8160.2,150450.6,18583.239999999998,0.002443303064577331,0.00743765420677448,0.004940478635675905,0.664670678468015,0.6476129575705267,0.6561418180192709
SGP,Singapore,Tomatoes,1.8,15.989999999999998,8081.12,2.596760398602034e-07,1.6406188049550335e-06,9.501474224076184e-07,0.15793138862653822,0.07402953601688406,0.11598046232171114
SLE,Sierra Leone,Tomatoes,2297.2,20013.674,8714.82,0.0003250201130314645,0.002093794177079279,0.0012094071450553718,0.5522041952978117,0.5564967265903872,0.5543504609440995
SLV,El Salvador,Tomatoes,427.2,22799.872,53793.259999999995,0.0003702676967029103,0.00038937352970932793,0.00037982061320611913,0.5594708416748704,0.43568395905673357,0.497577400365802
SOM,Somalia,Tomatoes,4793.0,7234.0,1509.6200000000001,0.00011747945418065739,0.004368603295638597,0.0022430413749096275,0.4954720921872839,0.6093603340610478,0.5524162131241659
SRB,Serbia,Tomatoes,7620.6,135349.66999999998,17756.16,0.002198065434770818,0.006945833147244626,0.004571949291007722,0.6587733946064888,0.642694652227457,0.650734023416973
SUR,Suriname,Tomatoes,44.2,650.8979999999999,14790.34,1.0570520012065457e-05,4.028630621056249e-05,2.542841311131397e-05,0.36128246777200856,0.27401751010712416,0.31764998893956636
SVK,Slovakia,Tomatoes,232.0,18388.0,79190.51999999999,0.0002986193258880188,0.00021145753486087097,0.00025503843037444487,0.547481067775134,0.3919291349734333,0.4697051013742836
SVN,Slovenia,Tomatoes,218.0,9458.0,43568.68,0.00015359699718560374,0.00019869716637788736,0.00017614708178174555,0.5104163038168377,0.3874737335589974,0.44894501868791753
SWE,Sweden,Tomatoes,44.0,17480.0,401830.0,0.00028387349448132305,4.010401523223415e-05,0.0001619887548567786,0.5446577703262827,0.273698663008985,0.4091782166676339
SWZ,Eswatini,Tomatoes,414.2,5461.096,13186.0,8.868766620240134e-05,0.000377524616117986,0.00023310614116019368,0.47979964674349673,0.43346728186794625,0.4566334643057215
SYC,Seychelles,Tomatoes,68.6,450.264,6558.539999999999,7.312243427868333e-06,6.25258055666196e-05,3.4919024497243964e-05,0.3407740050255502,0.3050543599973898,0.32291418251146997
SYR,Syrian Arab Republic,Tomatoes,13918.8,742004.38,53529.7,0.012050078734041621,0.012686358345782288,0.012368218539911956,0.753638861822207,0.6860018306066569,0.7198203462144319
TGO,Togo,Tomatoes,1220.6,5185.994000000001,4249.42,8.422003656402601e-05,0.0011125218407378409,0.0005983709386509334,0.47691835480130135,0.5110585237201277,0.49398843926071456
THA,Thailand,Tomatoes,6287.6,135453.0,21621.8,0.002199743503888939,0.0057308637766862605,0.0039653036402876,0.6588159426580352,0.6288720504277776,0.6438439965429064
TJK,Tajikistan,Tomatoes,15604.0,459279.77999999997,29432.78,0.007458658815401216,0.014222342129176856,0.010840500472289035,0.7268937544928952,0.6942184859788949,0.710556120235895
TKM,Turkmenistan,Tomatoes,10323.6,351732.70599999995,34076.06,0.005712104826978937,0.009409495719352103,0.007560800273165519,0.7120191766465911,0.6645193698708208,0.6882692732587059
TLS,Timor-Leste,Tomatoes,112.6,596.55,5299.16,9.687913794784512e-06,0.00010262982079885375,5.6158867296819134e-05,0.35642903652148467,0.34027948408780434,0.3483542603046445
TON,Tonga,Tomatoes,27.0,873.542,32140.659999999996,1.4186236848753085e-05,2.46092820743255e-05,1.9397759461539292e-05,0.37766380021566626,0.2395851803931509,0.3086244903044086
TTO,Trinidad and Tobago,Tomatoes,161.4,2013.096,13267.9,3.269248262279025e-05,0.000147108819510968,8.990065106687912e-05,0.4241755628531059,0.3659749938023435,0.3950752783277247
TUN,Tunisia,Tomatoes,22036.6,1347012.7859999998,61192.780000000006,0.02187535621698184,0.02008536686515116,0.0209803615410665,0.7868846104986209,0.7190353636578606,0.7529599870782407
TUR,Türkiye,Tomatoes,169401.4,13443254.6,79400.68000000001,0.21831714304943484,0.15440173468094975,0.1863594388651923,0.9151525499277539,0.8656771469626312,0.8904148484451926
TWN,"China, Taiwan Province of",Tomatoes,3855.8,91694.562,23761.559999999998,0.0014891107402674106,0.00351438777119201,0.00250174925572971,0.637062899180248,0.5937201414787633,0.6153915203295057
TZA,United Republic of Tanzania,Tomatoes,41954.2,548753.962,13075.2,0.00891171080111048,0.03823936081491359,0.023575535808012034,0.7368175001227091,0.7653282812221234,0.7510728906724162
UGA,Uganda,Tomatoes,6670.4,39194.72,5875.780000000001,0.0006365184285822084,0.006079768709206697,0.003358143568894453,0.589676850977647,0.6331207064602673,0.6113987787189572
UKR,Ukraine,Tomatoes,63860.0,1821342.0,28105.120000000003,0.029578416372174024,0.05820550938023802,0.04389196287620602,0.8037048304580471,0.7955338951564872,0.7996193628072672
URY,Uruguay,Tomatoes,467.4,36344.608,77767.22,0.0005902328877868335,0.00042601401635332365,0.0005081234520700786,0.5854677156822722,0.4421356995101454,0.5138017075962088
USA,United States of America,Tomatoes,112002.0,10932903.8,97565.98000000001,0.1775492909916554,0.10208477077365202,0.1398170308826537,0.9036280809800535,0.835928469203883,0.8697782750919683
UZB,Uzbekistan,Tomatoes,63097.4,2167193.612,34357.520000000004,0.03519501280640965,0.05751043387987207,0.04635272334314086,0.8133982613411105,0.7946701304361358,0.8040341958886231
VEN,Venezuela (Bolivarian Republic of),Tomatoes,8499.0,185255.81800000003,21828.96,0.0030085364089620136,0.007746455124062682,0.005377495766512348,0.6762732662278463,0.6505374822709281,0.6634053742493873
VUT,Vanuatu,Tomatoes,50.0,500.6666666666667,10013.333333333334,8.130777816761008e-06,4.557274458208426e-05,2.6851761199422634e-05,0.34667747109515173,0.28269788082158936,0.31468767595837055
YEM,Yemen,Tomatoes,8513.4,153769.56,18034.34,0.0024972026511473383,0.007759580074502322,0.0051283913628248304,0.6658872503633714,0.650659186103862,0.6582732182336166
ZAF,South Africa,Tomatoes,8089.2,528746.0,65410.27999999999,0.008586783450401696,0.00737294090946792,0.007979862179934807,0.7347466718648807,0.6469847131635152,0.690865692514198
ZMB,Zambia,Tomatoes,2674.6,25959.638,9706.460000000001,0.0004215819882454316,0.002437777253184851,0.0014296796207151413,0.5667068014072674,0.5674289232091086,0.567067862308188
ZWE,Zimbabwe,Tomatoes,17501.8,419308.862,25622.9,0.00680953500703243,0.015952101222534446,0.011380818114783437,0.7218172261026272,0.702470401327505,0.7121438137150662
